{"cameraMode":{"drawMode":0,"name":"Shaded","section":"Shading Mode"},"sceneLighting":false,"audioPlay":false,"sceneViewState":{"m_AlwaysRefresh":false,"showFog":true,"showSkybox":false,"showFlares":true,"showImageEffects":true,"showParticleSystems":true,"showVisualEffectGraphs":true,"m_FxEnabled":true},"in2DMode":false,"pivot":{"x":-3.2281908988952638,"y":1.5416134595870972,"z":1.7680556774139405},"rotation":{"x":0.0025467919185757639,"y":0.5284669399261475,"z":0.0015855050878599287,"w":-0.8489488363265991},"size":5.586669921875,"orthographic":false}