{"cameraMode":{"drawMode":0,"name":"Shaded","section":"Shading Mode"},"sceneLighting":false,"audioPlay":false,"sceneViewState":{"m_AlwaysRefresh":false,"showFog":true,"showSkybox":false,"showFlares":true,"showImageEffects":true,"showParticleSystems":true,"showVisualEffectGraphs":true,"m_FxEnabled":true},"in2DMode":false,"pivot":{"x":0.19999998807907105,"y":0.574999988079071,"z":-0.09999999403953552},"rotation":{"x":-0.00008769994747126475,"y":0.9982882738113403,"z":0.058466583490371707,"w":0.0014974336372688413},"size":1.1535271406173707,"orthographic":false}