{"cameraMode":{"drawMode":0,"name":"Shaded","section":"Shading Mode"},"sceneLighting":true,"audioPlay":false,"sceneViewState":{"m_AlwaysRefresh":false,"showFog":true,"showSkybox":true,"showFlares":true,"showImageEffects":true,"showParticleSystems":true,"showVisualEffectGraphs":true,"m_FxEnabled":true},"in2DMode":false,"pivot":{"x":5.921517372131348,"y":-0.4296712875366211,"z":5.207053184509277},"rotation":{"x":0.41405540704727175,"y":-0.0024559509474784137,"z":0.0011214324040338398,"w":0.9102632403373718},"size":11.129733085632325,"orthographic":false}